{"cameraMode":{"drawMode":0,"name":"Shaded","section":"Shading Mode"},"sceneLighting":false,"audioPlay":false,"sceneViewState":{"m_AlwaysRefresh":false,"showFog":true,"showSkybox":false,"showFlares":true,"showImageEffects":true,"showParticleSystems":true,"showVisualEffectGraphs":true,"m_FxEnabled":true},"in2DMode":false,"pivot":{"x":0.11295968294143677,"y":0.1614748239517212,"z":-0.048569709062576297},"rotation":{"x":0.002981120254844427,"y":-0.9621691107749939,"z":0.01039245817810297,"w":0.27248531579971316},"size":1.5174354314804078,"orthographic":false}