{"cameraMode":{"drawMode":0,"name":"Shaded","section":"Shading Mode"},"sceneLighting":false,"audioPlay":false,"sceneViewState":{"m_AlwaysRefresh":false,"showFog":true,"showSkybox":false,"showFlares":true,"showImageEffects":true,"showParticleSystems":true,"showVisualEffectGraphs":true,"m_FxEnabled":true},"in2DMode":false,"pivot":{"x":-0.050727009773254397,"y":0.8750631809234619,"z":0.06559416651725769},"rotation":{"x":0.002981120254844427,"y":-0.9621691107749939,"z":0.01039245817810297,"w":0.27248531579971316},"size":1.6872621774673463,"orthographic":false}