{"cameraMode":{"drawMode":0,"name":"Shaded","section":"Shading Mode"},"sceneLighting":false,"audioPlay":false,"sceneViewState":{"m_AlwaysRefresh":false,"showFog":false,"showSkybox":false,"showFlares":false,"showImageEffects":true,"showParticleSystems":true,"showVisualEffectGraphs":true,"m_FxEnabled":true},"in2DMode":false,"pivot":{"x":-0.12999999523162843,"y":1.850000023841858,"z":3.7899999618530275},"rotation":{"x":-0.04642946273088455,"y":-0.13325075805187226,"z":0.005894871428608894,"w":-0.990135133266449},"size":0.8660253882408142,"orthographic":false}